iter	MultiClass	AUC:class=0	AUC:class=1	AUC:class=2	AUC:class=3	AUC:class=4	AUC:class=5	AUC:class=6
0	-1.668967648	0.8234837061	0.8070078481	0.9664397712	0.9748842938	0.8882171221	0.9481311671	0.9340784934
1	-1.493764602	0.8316759407	0.8178184922	0.9704644084	0.9788756718	0.9029695077	0.9516991013	0.9483739947
2	-1.366868898	0.8366443819	0.8221417919	0.9727148268	0.9787081306	0.9117066382	0.9542790566	0.9564530634
3	-1.268289151	0.8387351797	0.8245366599	0.9732217768	0.9790605974	0.9103366104	0.9554658709	0.9578555479
4	-1.183592799	0.8488921196	0.8347064195	0.9738132494	0.9805145448	0.9132252806	0.9559710773	0.9664466502
5	-1.114362037	0.8535348667	0.8389394536	0.9746162822	0.9811010749	0.917126114	0.9567389609	0.967541349
6	-1.057261017	0.8563921773	0.8420206213	0.9746830153	0.9812421219	0.9189125953	0.9567038865	0.9690956892
7	-1.005776668	0.8585295175	0.8469920217	0.97578562	0.9818425779	0.9218679328	0.9585456779	0.9701455111
8	-0.9625746556	0.8599529957	0.8492636648	0.9767544418	0.9820109679	0.9221857688	0.960149972	0.9707237941
9	-0.9253338201	0.8607948479	0.8514977726	0.9771591521	0.9817745309	0.9230048189	0.9609314008	0.9705672823
10	-0.8876381737	0.8643332293	0.8549326495	0.978991077	0.9859098034	0.9240423186	0.9620754873	0.974083166
11	-0.8528682165	0.8668669621	0.8582946998	0.9803721335	0.9903283075	0.9299412236	0.9638873896	0.9770691369
12	-0.8239714235	0.8679476068	0.8601463128	0.9816537743	0.9916298233	0.9315122453	0.9650155279	0.9781648854
13	-0.7978563704	0.8697602955	0.8622185385	0.9821659356	0.991742651	0.9333963517	0.9658551374	0.9794478413
14	-0.7749972772	0.870830254	0.8634267308	0.983299344	0.9934032886	0.9347129492	0.966865928	0.9802185847
15	-0.7539603316	0.8733398554	0.8650662061	0.9834976112	0.9931608097	0.9344370039	0.9673254962	0.9820663895
16	-0.7353589362	0.8759160729	0.8665884647	0.9836963473	0.9929603977	0.9352277716	0.9675004804	0.9832751326
17	-0.718961507	0.8778679512	0.8678166576	0.9838310106	0.9928609418	0.9366974943	0.9676281258	0.9842216245
18	-0.7045099172	0.8786896032	0.8682684106	0.9839721996	0.9928442675	0.9397974751	0.9679727992	0.9845106309
19	-0.6913915362	0.8796577652	0.868306487	0.984510882	0.994407573	0.9404259181	0.9683629621	0.9851085633
20	-0.679391021	0.8804263967	0.8688266404	0.9847498131	0.9943259445	0.9419246915	0.9686480385	0.9855509558
21	-0.6682533086	0.8806080931	0.868618496	0.9853028008	0.9952468607	0.9444666332	0.9696023157	0.9855371544
22	-0.6564288856	0.8828349714	0.8696191945	0.9853899433	0.9953110303	0.9461455214	0.9698075794	0.9864604477
23	-0.6460415682	0.8849231084	0.8702298503	0.9855087456	0.995312227	0.9468068836	0.9700106157	0.9869442065
24	-0.6375825224	0.8854911446	0.8701260957	0.9857078729	0.9952533925	0.9484247302	0.9703542366	0.9870330521
25	-0.6303911737	0.8855866144	0.8697584983	0.9860619995	0.9958243424	0.9498809442	0.9709185369	0.986961684
26	-0.6232875111	0.8858713249	0.8696154853	0.9863317331	0.9961662203	0.9501062172	0.9714639982	0.9870531233
27	-0.6174957615	0.8862018093	0.8696555927	0.9863240662	0.9960620614	0.9503636958	0.9715316829	0.9871452847
28	-0.6117658866	0.8874133396	0.8702458032	0.9863057819	0.9960890662	0.9503002529	0.9716158311	0.9873749415
29	-0.6057539526	0.8881368423	0.8698644411	0.9864158937	0.9960844971	0.9518252035	0.9717370131	0.9874302626
30	-0.6014468323	0.8887328906	0.8702243356	0.9864268181	0.996110287	0.9524891568	0.9717420369	0.9875989467
31	-0.5975295091	0.8891438014	0.870002244	0.9865020931	0.9961618529	0.9523914415	0.9719672634	0.9875986121
32	-0.592654397	0.8894038457	0.8690107341	0.9865039528	0.996249994	0.9531259254	0.972035302	0.9877223022
33	-0.5881829974	0.890321707	0.8684803468	0.986492212	0.996238897	0.9562897016	0.9719731756	0.9879367454
34	-0.5837631844	0.8904913983	0.8682992701	0.9868217334	0.9964327606	0.9562999395	0.9728975193	0.9880239714
35	-0.5802853834	0.8907130739	0.868638435	0.9871499578	0.9966257241	0.956016712	0.973304713	0.9881103011
36	-0.5764946099	0.8910270354	0.8682609377	0.9871421868	0.9966559328	0.9562205118	0.9734432173	0.9882375697
37	-0.5731112164	0.8913978485	0.8676984723	0.987145111	0.9967492646	0.9560121717	0.9734279387	0.9882777698
38	-0.5695722206	0.8916022423	0.8662269717	0.9871705018	0.9967142946	0.9564623884	0.9734076987	0.9884007101
39	-0.5659058985	0.8922054014	0.8655838813	0.987233688	0.9966704225	0.9574189787	0.9735365214	0.9885400797
40	-0.5627172291	0.8924287643	0.8643777405	0.9872211704	0.996570309	0.9578890771	0.9735504378	0.9886890762
41	-0.5604516174	0.8927074342	0.8630921452	0.9872191197	0.9965586517	0.9575924298	0.9735497938	0.9889085146
42	-0.5577998049	0.892778503	0.8632431943	0.9875143415	0.9968203831	0.9577181885	0.9740105098	0.9889250454
43	-0.5555488507	0.8929359975	0.8632994024	0.9877047404	0.9969981876	0.9578888418	0.974626067	0.9889325123
44	-0.5529066056	0.8935957734	0.8635378617	0.9876890453	0.9971127975	0.9577686678	0.9746866511	0.9889601542
45	-0.550483532	0.8938346945	0.8622454834	0.9876970271	0.9971133489	0.9575689944	0.9747557786	0.9891326527
46	-0.5478828663	0.89404563	0.8612941407	0.9877278305	0.9971296671	0.9580708614	0.9748941146	0.9892243211
47	-0.5457827672	0.8941713974	0.8605000709	0.9877422871	0.9971316999	0.9586203716	0.9749267661	0.9893308635
48	-0.5429935874	0.8945362246	0.859223759	0.9877512108	0.9971377475	0.9584387599	0.974941817	0.9897281797
49	-0.5405689949	0.8947658574	0.8576059006	0.9877404349	0.9971450887	0.958519004	0.9749619522	0.9898228388
50	-0.5376758774	0.8953830458	0.8571267838	0.9877888007	0.9971497064	0.9586797675	0.9751264104	0.9900080836
51	-0.5348721433	0.8955529956	0.856853371	0.9880804956	0.9973016584	0.9590192927	0.9756049255	0.9901039902
52	-0.5328139202	0.8957700901	0.8550886392	0.9880891283	0.9972884348	0.9587048549	0.9756802102	0.9902323935
53	-0.5305196976	0.896174003	0.8543104115	0.9880985983	0.9972796745	0.9584261124	0.9756669594	0.9903852148
54	-0.5285645551	0.8963437778	0.8528630546	0.9880944795	0.9972797749	0.9585410906	0.9756816965	0.9904584052
55	-0.5269653001	0.8962952552	0.8525100048	0.988257497	0.9973684319	0.9585799228	0.976009522	0.9904810549
56	-0.5255960664	0.8964356269	0.8527314267	0.9883639768	0.9974330958	0.958668321	0.9762665323	0.9905003611
57	-0.523729883	0.8964849834	0.8523299615	0.9883605276	0.9974653693	0.9585055464	0.9763080602	0.9905599144
58	-0.5218181553	0.8968042869	0.8509226662	0.988378691	0.9974774081	0.9587112705	0.9763253477	0.9906491621
59	-0.5199738284	0.8968214082	0.84941225	0.9884321587	0.997498188	0.9585379561	0.9763744562	0.9907542242
60	-0.5182845308	0.8969487961	0.8481471166	0.9884410753	0.9974950957	0.9588273328	0.9763633623	0.9908074677
61	-0.5166652275	0.8970284924	0.8466333209	0.988473312	0.9974947033	0.9585288257	0.9763941887	0.9909484607
62	-0.5148506031	0.8972289219	0.8454329415	0.9884656579	0.9975082629	0.958720185	0.9764198024	0.9910121454
63	-0.5130629615	0.8971536391	0.8444919438	0.9885133009	0.9975014132	0.9585321989	0.9766260908	0.991201643
64	-0.5114199907	0.897167755	0.8437327049	0.9886685993	0.9975432128	0.9591643421	0.9770509068	0.9912319726
65	-0.5098291968	0.8972598521	0.8438628949	0.988805386	0.9976369227	0.959189527	0.9774896628	0.9912560863
66	-0.5082109233	0.8972208477	0.8420320153	0.9888435727	0.997636976	0.9591404916	0.9775458223	0.9913849375
67	-0.506747334	0.8972340838	0.8412190706	0.9889238018	0.997690183	0.9596420972	0.9777268663	0.9914247599
68	-0.5054012547	0.8972288089	0.8399017616	0.9889247999	0.9976912005	0.9595420982	0.9777362627	0.9915221271
69	-0.5035852291	0.8972576741	0.8388975537	0.9889154821	0.9976889709	0.959344634	0.9776902381	0.9916098455
70	-0.5018711874	0.8975500338	0.8378542871	0.9889250888	0.9976793532	0.959252939	0.9776933272	0.9916542263
71	-0.5005071234	0.8976650619	0.8375080245	0.9889156007	0.9976602547	0.9595117638	0.977672629	0.9917202406
72	-0.4993972365	0.897687622	0.8376687556	0.9890222792	0.997744006	0.9595135799	0.9779390292	0.9917299997
73	-0.4976758696	0.8977530268	0.8372367995	0.9890766151	0.997744447	0.9592743488	0.9780128671	0.9918286202
74	-0.4961553376	0.8979815202	0.8378591345	0.9891439251	0.9977677963	0.959424306	0.9781171164	0.9919363159
75	-0.4953492234	0.8978975987	0.8364897472	0.989159525	0.9977672333	0.9595117077	0.9781590239	0.9920018572
76	-0.4940781407	0.8976318499	0.8350799823	0.9891429615	0.9977719784	0.9593371972	0.9780928601	0.9920316758
77	-0.4927351709	0.8975540933	0.8341106706	0.989159396	0.9977923706	0.9591178446	0.9782194097	0.9920908827
78	-0.4915251184	0.8977962931	0.8333650469	0.9892266768	0.9978053011	0.9592056643	0.9782747314	0.9921255789
79	-0.4905203065	0.8977359824	0.8332134621	0.9892236959	0.9978694309	0.9593660487	0.9784797758	0.9921602905
80	-0.4891874197	0.8977884485	0.83334261	0.9893554198	0.9979674631	0.9597210962	0.9788176431	0.9922019216
81	-0.4878239803	0.8978671951	0.8316155037	0.9893441753	0.9979706543	0.959189599	0.9788789354	0.9923149716
82	-0.4867876166	0.8976567961	0.8299931281	0.9893357728	0.9979700326	0.9592651591	0.9788964986	0.9923477221
83	-0.4858481917	0.8977050272	0.8275841798	0.989316335	0.9979914388	0.9594445749	0.978893868	0.9923897505
84	-0.4844999102	0.898026495	0.8277420351	0.9893600933	0.9979936731	0.9594986708	0.9789435352	0.9924128634
85	-0.4836215769	0.8980922757	0.8279111557	0.9894930604	0.9980135478	0.9595254097	0.979169161	0.9924272482
86	-0.4825316821	0.8980544554	0.8263785853	0.9895067707	0.9980170132	0.9592656458	0.9792582804	0.9924925381
87	-0.4807967942	0.8983060303	0.8261917098	0.989534753	0.9980154114	0.9591417036	0.9793478327	0.9927070774
88	-0.4796388856	0.8982891928	0.8259778871	0.9895381065	0.9980100593	0.9594385599	0.9794321661	0.9927262281
89	-0.4786528898	0.8981865896	0.8235906619	0.9895453822	0.997994379	0.9590087527	0.979507911	0.9927754686
90	-0.4777096288	0.8983859336	0.8223325371	0.9895419581	0.9979976884	0.9592126602	0.9794927576	0.9928622687
91	-0.4768076842	0.8986550392	0.8216554013	0.9895495317	0.9979837906	0.9594846434	0.9794582241	0.9929011573
92	-0.4755146863	0.8987125758	0.8211247975	0.9895726232	0.9979889056	0.9593435152	0.9795420134	0.992917455
93	-0.4743527204	0.8987901626	0.821299457	0.9897029422	0.9980659733	0.9594272125	0.9798986502	0.9929154274
94	-0.4726731973	0.8986886948	0.8213840174	0.9897434765	0.9980472509	0.9601190958	0.9800543499	0.9930978722
95	-0.4717485268	0.8987514008	0.8189771421	0.989733755	0.998083779	0.9600385064	0.9800252931	0.993095086
96	-0.4711232396	0.8987645479	0.8166534689	0.9897250218	0.9980851954	0.9601959624	0.9800287771	0.9931377113
97	-0.4702514922	0.898978595	0.8169548123	0.9898310151	0.9981186528	0.960314582	0.9802637811	0.993168231
98	-0.4694384293	0.8987230789	0.8159564981	0.9898225176	0.9981197596	0.9598830152	0.980226697	0.993228403
99	-0.4683044334	0.89882813	0.8156230629	0.9898239928	0.9981317606	0.9600635951	0.980335228	0.9933164702
100	-0.4673981669	0.8988898131	0.81470906	0.9898195396	0.9981342621	0.9596282277	0.9803580952	0.993368461
101	-0.4665402296	0.8988633633	0.8143139067	0.9898171664	0.9981522937	0.9596807898	0.9803438147	0.993397104
102	-0.4653545609	0.8987606153	0.8145257721	0.9898712965	0.9981627238	0.9598979966	0.9804189311	0.9934748673
103	-0.4646010153	0.8989029249	0.813555867	0.9899014943	0.9981741471	0.9599855923	0.9805293609	0.9934769181
104	-0.4634909111	0.8990433121	0.8137106781	0.9899138319	0.9981788412	0.9599435491	0.9805490868	0.9935781248
105	-0.4625083737	0.8990665925	0.8134648787	0.9899156612	0.9981821189	0.9597471654	0.9806257318	0.9936079286
106	-0.4610187504	0.8991775764	0.8137255679	0.9899469459	0.9982172152	0.9606604031	0.9806411761	0.9936413934
107	-0.4600736814	0.8994730475	0.8139224417	0.9900116272	0.998224773	0.9607462752	0.9808187202	0.9936713184
108	-0.4593208678	0.8991510146	0.8119032157	0.9899974977	0.9982256504	0.9606494273	0.98076928	0.9937102351
109	-0.4577668461	0.8993169568	0.8119502919	0.990072929	0.9982286238	0.961236025	0.9809367633	0.9939100088
110	-0.4568225547	0.8992669622	0.8114104892	0.9900442726	0.9982288246	0.9611355255	0.9808647933	0.9940059838
111	-0.456213839	0.8994757591	0.809456537	0.9900440007	0.9982295907	0.9612355861	0.9808735125	0.9940254632
112	-0.4554203283	0.8993398216	0.8093847154	0.9900310367	0.9982274592	0.9611883098	0.9808645365	0.9940593206
113	-0.4546209701	0.8994947766	0.8082960397	0.9900176362	0.9982572658	0.9612113166	0.9808473317	0.9940874474
114	-0.453521329	0.8995840701	0.8085944078	0.9901031971	0.9983330384	0.961362144	0.9811155717	0.9941142605
115	-0.4526704929	0.8997601537	0.8075670829	0.9901009257	0.998332446	0.961493784	0.9812127781	0.994149714
116	-0.4515985279	0.8998898454	0.8080052938	0.9901592034	0.9983298981	0.9615840193	0.9814117592	0.9941784068
117	-0.4508959698	0.9001609956	0.8065129175	0.9901619492	0.9983285736	0.9616871674	0.9814113794	0.9941966033
118	-0.4501503004	0.9002520159	0.8067433536	0.9902260303	0.9983538121	0.9616978599	0.981537294	0.9942174983
119	-0.4492564749	0.9006356621	0.8068569854	0.9902412725	0.9983519871	0.9617145654	0.9815679983	0.994265439
120	-0.4484790383	0.9005168971	0.8062217546	0.9902177097	0.9983486901	0.9613152918	0.9815271257	0.9943153472
121	-0.4477700921	0.9005091223	0.8062722004	0.9903180668	0.9983590669	0.9614344816	0.9816648196	0.9943233582
122	-0.4471049138	0.9004870063	0.8063007407	0.9903956454	0.9983783987	0.9615381453	0.9818016615	0.994324704
123	-0.4460598168	0.9004553938	0.8063427823	0.9904287226	0.9983756454	0.9616446204	0.9819070782	0.9943550118
124	-0.4454312679	0.9004444849	0.806427658	0.9904597065	0.9984158011	0.961632822	0.9820604626	0.9943530055
125	-0.4443202064	0.9004388565	0.8071406862	0.9904392688	0.9984508672	0.9619078971	0.9820264572	0.9943872755
126	-0.4437118283	0.9005014475	0.8065106089	0.9904473973	0.998449277	0.9620290099	0.9820140582	0.9943929578
127	-0.44324637	0.9003765817	0.8055662382	0.9904806323	0.9984479039	0.9619073775	0.9820246445	0.994389298
128	-0.4424040423	0.9005492656	0.8051528974	0.9904991944	0.9984519438	0.9620149649	0.9820970129	0.9944429036
129	-0.4417622399	0.9004109783	0.8044373784	0.9905077042	0.9984550957	0.9620328538	0.9821020831	0.99449283
130	-0.4410614839	0.9003770033	0.8044079578	0.9905955077	0.9984743089	0.9621530401	0.9823047161	0.9944961666
131	-0.440606899	0.9003575178	0.8044539658	0.9906339137	0.9984790131	0.9621906382	0.9823797472	0.9945060634
132	-0.4395765727	0.9006254186	0.8048896133	0.9906473915	0.9984776623	0.9622868253	0.9824138972	0.9945665729
133	-0.4388310874	0.9007859504	0.8051573572	0.990650551	0.99847766	0.9623558152	0.9824330024	0.9945940445
134	-0.4379673382	0.9008385565	0.8053986035	0.9907159613	0.9985075269	0.9626446374	0.9825385874	0.9945845295
135	-0.4369122989	0.9011848714	0.8051722828	0.9907038717	0.9985122473	0.9626271361	0.9825625006	0.9947093403
136	-0.4364251827	0.9009874893	0.8045381475	0.9907044873	0.9985117715	0.9625015771	0.9825732323	0.9947228831
137	-0.4351846434	0.9011125031	0.8042632943	0.990687994	0.9985126172	0.9625773337	0.9825720697	0.994761482
138	-0.4345924136	0.9012305279	0.8045514973	0.990687492	0.9985110687	0.9626361849	0.9825702733	0.9947826206
139	-0.4338862924	0.9012588109	0.8045256731	0.9906798562	0.9985112386	0.9628063659	0.9826387778	0.994778456
140	-0.4333173121	0.9014193166	0.803459663	0.9906957906	0.9985127671	0.9628430678	0.982668223	0.9947849349
141	-0.4328647527	0.9016450705	0.8018337034	0.9906992589	0.9985110749	0.9628566231	0.9826815808	0.9947804971
142	-0.4319947036	0.9018382811	0.8022407845	0.9906985377	0.9985123647	0.9630231026	0.9826924859	0.9948057651
143	-0.4314061697	0.9021387495	0.8013671677	0.9906889231	0.9985114008	0.9630874546	0.9826649228	0.9948022081
144	-0.4306187656	0.9023034684	0.8011563271	0.9907018318	0.9985259172	0.9631326798	0.9827108183	0.994822826
145	-0.430064043	0.902324017	0.8011977616	0.9907737698	0.9985712096	0.9631859342	0.9828874758	0.994825443
146	-0.4296587512	0.9023565758	0.7999306741	0.9907685305	0.9985761285	0.9632895895	0.9829403628	0.9948207109
147	-0.4281939557	0.9028008717	0.8010928961	0.9908262758	0.9985717247	0.9639528636	0.9831081169	0.9948564643
148	-0.4275553118	0.9028149357	0.8005652723	0.9908126718	0.9985825395	0.9641883261	0.9830662171	0.9948628651
149	-0.4267778046	0.9032871637	0.8007465844	0.9907981552	0.9985818003	0.964411297	0.9830773878	0.9948904596
150	-0.4260066474	0.9035118004	0.801142282	0.9908017507	0.9985810721	0.9644324957	0.9830708028	0.9949500275
151	-0.425561282	0.903479951	0.8003515987	0.9908083633	0.9985786339	0.9643098168	0.9831005698	0.9949683884
152	-0.4251269683	0.9033988281	0.8004181743	0.9908340167	0.9986026482	0.9644602935	0.983158365	0.9949780237
153	-0.4247299266	0.9034830955	0.8004862543	0.9908325341	0.9986349348	0.9645524582	0.9832037962	0.9949869693
154	-0.4238229793	0.9037594314	0.800618425	0.9908547671	0.9986363049	0.9645366525	0.9832345305	0.9950642168
155	-0.4229302696	0.9038399573	0.8005740578	0.9908737088	0.9986409751	0.964629303	0.9832669755	0.9951093999
156	-0.4221150584	0.9039693307	0.8011103216	0.990919301	0.9986516299	0.9649519898	0.9834860967	0.9951451424
157	-0.421644655	0.9039954789	0.8003983344	0.9909126818	0.9986513349	0.9649603995	0.9834899621	0.9951541317
158	-0.4210725721	0.9040501918	0.8004380802	0.9909156255	0.9986523566	0.9649999084	0.983497696	0.9951642588
159	-0.4206395784	0.90402818	0.8003995617	0.990940343	0.9986699137	0.9650771352	0.9835865065	0.9951698043
160	-0.4195357086	0.9042122227	0.8000532527	0.9909504399	0.998677904	0.9654636839	0.9836476966	0.995181303
161	-0.4186851349	0.9043210018	0.7999411726	0.9909526404	0.9986778685	0.9656905423	0.9836791303	0.9952339786
162	-0.4182388975	0.9044468049	0.7989989699	0.9909438593	0.998676344	0.9657109418	0.9836729353	0.9952340988
163	-0.4170429255	0.9048126117	0.7999446923	0.9909760058	0.9986736215	0.9658506543	0.9837983932	0.9952671375
164	-0.4164247854	0.9050118897	0.7999193098	0.9909702683	0.9986714328	0.9659298707	0.9837948762	0.9952905708
165	-0.4159905669	0.9050340942	0.7999565946	0.9910344664	0.9986881534	0.965934963	0.9838972833	0.995294924
166	-0.415313939	0.9050610798	0.7998440279	0.9910459232	0.9986869409	0.9656389535	0.9839220736	0.9953465657
167	-0.4147183033	0.9051500131	0.7994961282	0.991048908	0.9986893775	0.9656363807	0.9839227547	0.9953558234
168	-0.4137759638	0.9053997116	0.7994660585	0.9910666965	0.9986898927	0.9658775241	0.9841457153	0.9953632557
169	-0.4127047093	0.9053783761	0.7995869858	0.9910959632	0.9987182381	0.9666352577	0.9842209617	0.9953902547
170	-0.4123013942	0.9053938825	0.7996743594	0.9911095723	0.9987366601	0.9666905237	0.9842672967	0.9953960718
171	-0.4112748997	0.9057082455	0.8000073778	0.9911365896	0.9987295131	0.9670966171	0.9843604941	0.9954331801
172	-0.4108061805	0.9058509281	0.8001957642	0.9911442924	0.9987295379	0.9670491145	0.9844140379	0.9954547286
173	-0.4098635174	0.9058903829	0.7999976191	0.9911631861	0.9987264795	0.9674299142	0.9844760127	0.9954688393
174	-0.4089210394	0.9060175329	0.800077941	0.9911908314	0.9987325375	0.9675499937	0.9845387498	0.9955289727
175	-0.4084881191	0.9060865403	0.7998597164	0.9911978624	0.9987324194	0.9673793494	0.9845703681	0.9955358247
176	-0.408164651	0.9061119285	0.7998480823	0.9912078738	0.9987425807	0.9674255391	0.9846533112	0.9955377744
177	-0.4077037916	0.9061777998	0.799989442	0.9912038336	0.9987400892	0.9676622537	0.9846531107	0.9955479461
178	-0.4071947438	0.906369987	0.7992741042	0.991198017	0.998742566	0.9677428842	0.9846328068	0.9955621462
179	-0.4067608943	0.9063760902	0.7993368639	0.9912457439	0.9987428294	0.967800853	0.9847031267	0.9955749607
180	-0.4059899939	0.9066398416	0.7993733039	0.9912643375	0.9987394304	0.9679104495	0.9847272156	0.995607187
181	-0.4051884295	0.9067830941	0.799494615	0.991282996	0.9987506298	0.9682349127	0.984786776	0.9956329212
182	-0.4048681106	0.9068711071	0.7990157217	0.9912792034	0.9987508846	0.9682574126	0.9847826738	0.9956269221
183	-0.4041118309	0.9069061017	0.7992138249	0.9912989756	0.998755344	0.9683232551	0.9848117775	0.9956691683
184	-0.4037756155	0.9069671216	0.7992936995	0.9912723184	0.9987620083	0.9684153497	0.9847907986	0.995675693
185	-0.4031042823	0.9071079862	0.7988207872	0.991276989	0.9987590781	0.9686754156	0.984787223	0.9956873185
186	-0.4024932091	0.9071066695	0.7986675971	0.9912905254	0.9987579613	0.9686845943	0.9848066615	0.9957341821
187	-0.4016567556	0.9071042376	0.7987227635	0.9913389645	0.9987612622	0.9691761067	0.9849076399	0.9957821876
188	-0.4011621636	0.9071741146	0.7984105031	0.991339996	0.9987557409	0.9691628245	0.9849081124	0.9957890417
189	-0.4008372488	0.9072034464	0.7972571547	0.9913426106	0.9987535947	0.969086332	0.9849411991	0.9957910147
190	-0.4002106961	0.9073769001	0.7975373972	0.9913662087	0.9987515612	0.9691177305	0.9849636363	0.9958181728
191	-0.3998367513	0.9074646105	0.79726374	0.9913717953	0.9987503687	0.9690440809	0.984967112	0.9958215095
192	-0.3987982694	0.9075296977	0.7975567508	0.9914554047	0.9987632656	0.9696576184	0.9851540244	0.9958623319
193	-0.398288299	0.9077375135	0.7976354741	0.9914525279	0.998770045	0.9699232882	0.9851060911	0.9958714875
194	-0.3978211296	0.9076832662	0.7975117103	0.9914742716	0.9987786254	0.9700676906	0.98515138	0.9958688844
195	-0.3973443079	0.9076898701	0.7975145011	0.9914757857	0.9987794085	0.9700456176	0.9851656613	0.9958768151
196	-0.3971194151	0.9076228814	0.7959781571	0.9914688286	0.9987787412	0.9700486225	0.9851426694	0.9958737173
197	-0.3965825273	0.9075362737	0.7956379811	0.9914732172	0.9987740502	0.9701252509	0.9851656578	0.9958981261
198	-0.3959065145	0.9076121134	0.7953692895	0.9914591227	0.9987700203	0.9700925244	0.9852028519	0.9959445968
199	-0.3953501974	0.9076262445	0.7953389269	0.9914586356	0.9987683459	0.9701728085	0.9852207864	0.9959774663
200	-0.3947235191	0.9076575544	0.7953784379	0.9914832161	0.9987708899	0.9702761872	0.9852705421	0.996032496
201	-0.3942740719	0.907731485	0.7948910108	0.9914874764	0.9987724407	0.9703116485	0.9852680095	0.9960390062
202	-0.393843531	0.9077615934	0.7957015223	0.9914799942	0.9987728006	0.9703941506	0.9852387157	0.9960481168
203	-0.393399307	0.9075066058	0.7958045965	0.9915042374	0.9987941141	0.9706003281	0.9852688821	0.9960617472
204	-0.392668264	0.9077918699	0.7961494398	0.9915121344	0.9987919069	0.9706666291	0.9852886508	0.9960762483
205	-0.3922519517	0.907809706	0.7961936413	0.9915748178	0.9988115507	0.9706862542	0.9854144876	0.9960722653
206	-0.3917018311	0.907972233	0.7961563405	0.9915755187	0.9988144662	0.9706947725	0.9854230244	0.9960832662
207	-0.3912437052	0.9077737067	0.7958739691	0.9915854361	0.9988153543	0.97068039	0.9854742019	0.9960997706
208	-0.3908181219	0.9078195209	0.7956899462	0.9915881438	0.9988160494	0.9707261645	0.985477832	0.996133949
209	-0.3903021049	0.9078347891	0.7959585106	0.9916214727	0.9988147179	0.9707398871	0.985518749	0.9961660962
210	-0.3898174592	0.9078683675	0.7960398631	0.9917155535	0.9988350985	0.970837428	0.9856950895	0.9961740102
211	-0.3894849487	0.9078734687	0.796038494	0.9917273838	0.9988497184	0.9709535532	0.98573707	0.9961753816
212	-0.3888720618	0.9080489458	0.7965452859	0.9917397002	0.9988523829	0.9710595743	0.9857513755	0.9962002636
213	-0.3885561863	0.9081620891	0.7966995004	0.9917939401	0.9988612151	0.9712162932	0.985844281	0.996191607
214	-0.3881787465	0.9081840331	0.7959160543	0.9917806535	0.9988615387	0.9712481052	0.9858192365	0.9961894058
215	-0.3878344345	0.9082037649	0.7955278626	0.9917934382	0.9988627103	0.9712916208	0.9858646016	0.9961884398
216	-0.3874094503	0.908350567	0.7954258988	0.9917908574	0.9988609039	0.9714922802	0.9858679659	0.9961948833
217	-0.3869413253	0.9084214707	0.7954541338	0.9918012243	0.9988675241	0.9715501301	0.9859250548	0.9962077185
218	-0.3867649851	0.908450206	0.7954758839	0.9918073413	0.9988775009	0.9715722049	0.9859401338	0.9962073657
219	-0.3863962354	0.9084714139	0.7952858406	0.9918090284	0.9988782114	0.9716535052	0.9859787884	0.996206883
220	-0.3859323114	0.9086661906	0.7956635401	0.9918207853	0.9988737119	0.971770867	0.9860188716	0.9962066726
221	-0.3854675745	0.9087807739	0.7953679183	0.9918215545	0.9988755214	0.9717826169	0.9860320236	0.9962135064
222	-0.3850337843	0.9088049001	0.7951231337	0.9918111325	0.9988757709	0.9720847818	0.9859962602	0.9962128825
223	-0.3845329556	0.908769357	0.7949930113	0.9917887505	0.9988874861	0.9723038159	0.985921008	0.9962252355
224	-0.3839167974	0.9089146631	0.7952361909	0.9918069961	0.9988876499	0.9723819808	0.9859510804	0.9962529597
225	-0.3834515551	0.9090393526	0.7954610932	0.9917897526	0.998888718	0.9724095088	0.9859265816	0.9962573722
226	-0.3830791545	0.9090821671	0.7952914852	0.9917884094	0.9988876784	0.9723960395	0.9859347158	0.9962829671
227	-0.3823587229	0.9091724211	0.7956454148	0.9918316592	0.998895841	0.9728105038	0.9859786504	0.9963007442
228	-0.3818364936	0.9092665187	0.79577713	0.9918452123	0.9988986476	0.9728843259	0.9860015735	0.9963209236
229	-0.3812558282	0.9094481107	0.7960347195	0.9918543993	0.9989031765	0.9730386355	0.9860357894	0.9963392416
230	-0.3805084547	0.9094331082	0.7961015522	0.9919133864	0.9989090368	0.9734661481	0.9861444296	0.9963523163
231	-0.3800669332	0.9096082763	0.7959909434	0.9919222315	0.9989099481	0.9735996798	0.9861823681	0.9963718102
232	-0.3797710738	0.9095550438	0.7959670765	0.9919228574	0.9989247758	0.9736313229	0.9862006821	0.996368107
233	-0.3795619738	0.9095638024	0.7959391364	0.9919187782	0.9989247333	0.973588459	0.9862024991	0.9963680599
234	-0.3790826813	0.9095802415	0.7954894545	0.9919250931	0.9989269591	0.9736057125	0.9862265745	0.996381128
235	-0.3785736199	0.9096142554	0.7956713441	0.9919305717	0.9989297209	0.9737683315	0.9862662833	0.9964037233
236	-0.3783724335	0.9096932613	0.7958145651	0.9919425928	0.9989300314	0.9737623168	0.986291672	0.996409447
237	-0.3779609356	0.9098140408	0.7960385165	0.9919397779	0.9989296499	0.9737961792	0.9862880051	0.9964213105
238	-0.3778529731	0.9098017707	0.7960385078	0.9919561656	0.9989319166	0.9738304064	0.9863151874	0.9964190023
239	-0.3777232997	0.9098049141	0.7955430106	0.9919625649	0.9989285377	0.9737368139	0.9863382372	0.9964180837
240	-0.3774527332	0.9097431367	0.7956154415	0.9919981111	0.9989477637	0.9738300201	0.9863812097	0.9964070189
241	-0.3770126411	0.909562422	0.7955944164	0.9919878013	0.9989473598	0.973737596	0.9863773117	0.9964148496
242	-0.3769018188	0.9094929457	0.7955540624	0.9919874725	0.9989474888	0.97374577	0.986386174	0.9964036661
243	-0.3765381856	0.9096710854	0.795395277	0.9919888566	0.9989456669	0.9737573308	0.9863976047	0.9964233371
244	-0.3761757814	0.9096564664	0.7953948024	0.9920131147	0.998952654	0.9738076192	0.9864358192	0.9964285737
245	-0.3757628316	0.9097216479	0.7956697073	0.9920125438	0.9989598365	0.9738281643	0.9864030397	0.9964315482
246	-0.3751805287	0.9098223598	0.7958227303	0.9920145406	0.9989633096	0.9738477421	0.9864292302	0.9964444557
247	-0.3747395628	0.9099462858	0.79620528	0.992065315	0.998973549	0.9739126451	0.9865582552	0.9964554651
248	-0.3745253528	0.9100980185	0.7965745773	0.9920622194	0.9989732176	0.9740782427	0.9865137453	0.9964622641
249	-0.3741336507	0.9101507006	0.7960214524	0.992065117	0.9989718028	0.9741211081	0.9865175313	0.9964649389
250	-0.3738083831	0.9101016327	0.7952918982	0.992061037	0.9989689699	0.9741473262	0.9865160552	0.9964601658
251	-0.3733455582	0.9101853703	0.7949016717	0.9920646597	0.998968427	0.9742465665	0.9865498737	0.9964727334
252	-0.3726549082	0.9103693356	0.7955998603	0.9920623391	0.9989689298	0.9743116834	0.9865752275	0.9964866962
253	-0.3721777642	0.9103954853	0.7957551484	0.99205513	0.9989693924	0.9742366633	0.9865880659	0.9965098343
254	-0.3718698744	0.9104042931	0.7957696723	0.9920720294	0.9989795367	0.9742620997	0.9866609038	0.9965122119
255	-0.3715433767	0.9105104273	0.7954405867	0.9920764507	0.9989747082	0.9742639835	0.9866622726	0.9965144425
256	-0.3709831835	0.9107162969	0.7955281052	0.9920507886	0.9989736362	0.9745189355	0.9866472691	0.9965432174
257	-0.3706272829	0.910773231	0.7959029645	0.9920533384	0.9989744132	0.9745171837	0.9866368431	0.996544442
258	-0.3701857482	0.9108203181	0.7957297934	0.992050703	0.9989777828	0.9746042546	0.9866253553	0.9965565316
259	-0.3697689975	0.9109490959	0.7960641615	0.9920485585	0.9989787003	0.9745741311	0.9866448104	0.9965600826
260	-0.369218371	0.910873217	0.7961804438	0.9920451554	0.9989787235	0.9746157089	0.9866404755	0.9965877783
261	-0.3689675462	0.910931307	0.7963041251	0.9920460904	0.9989792208	0.9746333525	0.9866375358	0.9965905344
262	-0.3685096054	0.9109168137	0.7965699908	0.9920646959	0.9989793127	0.9748332786	0.9866904635	0.9966026983
263	-0.3679924348	0.9109724525	0.7966940737	0.9920508906	0.9989827086	0.9748811273	0.9866713762	0.9966203714
264	-0.3672850504	0.9110786494	0.7972715181	0.9920683801	0.9989819363	0.9752757814	0.9867948649	0.996641271
265	-0.3670686368	0.9110528376	0.7973411699	0.9920823049	0.9990032483	0.9753236648	0.9867845475	0.9966491901
266	-0.3668856853	0.9109583104	0.7966780251	0.9920845834	0.998999111	0.9753048466	0.9867910244	0.9966497353
267	-0.3661742739	0.9111362433	0.796918297	0.9920902848	0.9989989017	0.9756941203	0.9868452539	0.9966769137
268	-0.3657047184	0.9111644474	0.7969230045	0.9920892228	0.9990006209	0.9757313815	0.9868644385	0.9967018709
269	-0.3654064989	0.9112175012	0.7963288068	0.9920741035	0.9990019014	0.975795213	0.9868216832	0.9967016841
270	-0.3649129656	0.9114352686	0.7970597339	0.9920770249	0.9990029239	0.9757649603	0.9868281716	0.9967140817
271	-0.3647434441	0.9114627081	0.796941344	0.9920608748	0.9990022204	0.9757234425	0.9868099311	0.9967282243
272	-0.3644563213	0.9114023859	0.7970342483	0.9920701036	0.9990062727	0.9756604529	0.9868367749	0.9967354403
273	-0.3639317135	0.9115782854	0.797113012	0.9920600232	0.9990015098	0.9758665257	0.9867983016	0.99675342
274	-0.3636141865	0.9113452539	0.7971745785	0.9920682452	0.9990016759	0.9759049415	0.9868117063	0.9967659761
275	-0.3629592387	0.9113858168	0.7969973369	0.9920649667	0.998997856	0.9762121936	0.9868349165	0.996780251
276	-0.3626717118	0.9113297193	0.7967112025	0.9920592228	0.9989963129	0.9761919217	0.9868401085	0.9967816992
277	-0.3624412781	0.9113553915	0.7967468943	0.9920579611	0.9989958071	0.9761352198	0.9868450731	0.9967811703
278	-0.3620240207	0.9114603684	0.7968621478	0.9920661506	0.9989921725	0.9761847145	0.9868654219	0.9967843832
279	-0.3618021651	0.9114021338	0.7968845233	0.9920994299	0.9990073748	0.9762602753	0.9868769377	0.9967847803
280	-0.3611677545	0.9115242482	0.7972081402	0.9921079329	0.9990047698	0.9765309838	0.986943477	0.9968066339
281	-0.3607052886	0.9115299423	0.7972585043	0.9921649429	0.9990130389	0.9765790534	0.9870715676	0.9968144776
282	-0.360440791	0.9115189572	0.7972609658	0.9922131277	0.9990201743	0.9766104334	0.9871423779	0.9968162621
283	-0.3597297412	0.9117659333	0.7977323692	0.9922234722	0.999020552	0.9766317163	0.9871581613	0.9968361627
284	-0.35914734	0.9119529801	0.7980344627	0.9922358935	0.9990225114	0.9767035093	0.9872063894	0.996868346
285	-0.358904454	0.9120364094	0.7974922484	0.9922395368	0.9990222967	0.9767112664	0.9872202994	0.9968719221
286	-0.3587334273	0.9120238705	0.796985202	0.9922442664	0.9990216309	0.9767245583	0.9872213753	0.9968688862
287	-0.3585261216	0.9121223549	0.7969348299	0.9922551976	0.9990190491	0.9767474198	0.9872433193	0.996865495
288	-0.3583250219	0.9122027088	0.7970467753	0.9922563421	0.9990185162	0.9767426044	0.9872569076	0.9968663689
289	-0.357924875	0.9122445129	0.7970148184	0.9922790973	0.9990188236	0.9767918204	0.9873181921	0.9968947927
290	-0.3576655834	0.9122274439	0.797102748	0.992307704	0.9990289092	0.9768130173	0.9873579081	0.9968990697
291	-0.3572693623	0.912315413	0.7965505624	0.9923093595	0.999026444	0.9769318931	0.9873521773	0.9969005532
292	-0.356981162	0.9124355138	0.7967133829	0.9923267994	0.9990340042	0.9769439233	0.9873441534	0.9969139825
293	-0.3567977729	0.9124681363	0.7964108648	0.9923281075	0.9990335948	0.9769426861	0.9873576919	0.9969137268
294	-0.3564835399	0.9125799323	0.7965711792	0.9923244601	0.9990331484	0.9769106438	0.9873344603	0.9969281249
295	-0.3562192153	0.9125345216	0.7963616459	0.9923171708	0.9990333801	0.976947948	0.9873198675	0.9969328272
296	-0.3560552412	0.9126284862	0.7955564138	0.9923171499	0.999033506	0.9769278317	0.9873249333	0.9969305197
297	-0.3554618354	0.9127485349	0.7960483941	0.9923095535	0.9990361597	0.9770811938	0.9873428265	0.9969336373
298	-0.3551101905	0.9128627824	0.796295834	0.992312099	0.9990385423	0.9770404336	0.9873644597	0.9969357879
299	-0.354813162	0.9128668259	0.7963312006	0.9923764771	0.9990431198	0.9770729467	0.9874316865	0.9969397207
300	-0.3544781208	0.9130017814	0.7963809222	0.9923896088	0.9990418015	0.9770754016	0.9874800398	0.996966454
301	-0.354202991	0.9130195807	0.7961314766	0.9923853002	0.9990457472	0.9772060183	0.987457292	0.9969673074
302	-0.3541213969	0.9129948043	0.7960318417	0.9923753104	0.9990451355	0.977254155	0.9874042803	0.9969684893
303	-0.3538974775	0.913102185	0.7954607678	0.9923777829	0.9990439655	0.9772585834	0.9874067701	0.9969737375
304	-0.3536776985	0.9130116239	0.7949069624	0.9923826161	0.9990435268	0.977309609	0.9874132199	0.9969762485
305	-0.3534124733	0.9130923148	0.7946028031	0.9923704227	0.9990427012	0.977296588	0.9873949406	0.9969752836
306	-0.3531452677	0.9129743635	0.7942385416	0.9923725988	0.9990416825	0.9773003274	0.9873921525	0.9969733515
307	-0.3528854511	0.9129861005	0.7945488949	0.9923854419	0.9990407133	0.9773125549	0.9874238362	0.9969768064
308	-0.3525268212	0.9131545847	0.7948229968	0.9923692171	0.9990410353	0.9773251072	0.9874128847	0.9969886117
309	-0.352130847	0.9131646741	0.7949371382	0.992381129	0.9990425614	0.9774501443	0.9874687507	0.9969992391
310	-0.3517224082	0.9131529488	0.7950900525	0.9923922664	0.9990440682	0.9776628845	0.9875014346	0.9970103311
311	-0.3515387245	0.9131248841	0.7950498052	0.9924262942	0.9990470084	0.9776888889	0.9875615885	0.9970073493
312	-0.3511740866	0.9132591657	0.7954145241	0.992410453	0.9990527088	0.977714238	0.9875087408	0.9970111805
313	-0.3509759497	0.9132005947	0.7952274256	0.9924025805	0.999052722	0.9776509699	0.987508071	0.9970043346
314	-0.3504899916	0.9131967505	0.795430136	0.9924218382	0.9990543716	0.9776794463	0.9875556549	0.9970240862
315	-0.3500885706	0.9133010965	0.7955312426	0.992440344	0.9990594705	0.9777364936	0.9876040961	0.9970348647
316	-0.3498671355	0.9132717339	0.7956483942	0.9924419456	0.9990574717	0.9777410152	0.9876085265	0.9970389439
317	-0.3497063421	0.913295617	0.7956276682	0.9924663015	0.9990637213	0.9777589209	0.9876555739	0.9970431698
318	-0.3494421003	0.9134362221	0.7957847093	0.9924624837	0.9990679566	0.9777523093	0.9876537159	0.9970576404
319	-0.3492790775	0.9134192255	0.7954431289	0.9924567652	0.9990660289	0.9777507875	0.9876443893	0.9970578821
320	-0.3489497316	0.9134646557	0.795530273	0.9924627581	0.9990679026	0.9778252224	0.9876608993	0.9970626479
321	-0.3485566145	0.9134715424	0.795402667	0.9924712068	0.9990637591	0.9779219364	0.9877134984	0.9970684899
322	-0.3481792176	0.9134066558	0.7949578733	0.9924633063	0.9990606614	0.9779553581	0.9877084411	0.9970764148
323	-0.3478061486	0.9133664278	0.7950326601	0.9925349448	0.9990647546	0.9779871305	0.9877954938	0.9970790085
324	-0.3474623642	0.9134262866	0.7951773401	0.9925287007	0.999063488	0.9780913514	0.9877923887	0.9970938996
325	-0.3469715248	0.9135040753	0.7955139832	0.9925210487	0.9990637004	0.9782759475	0.9878069041	0.9970963695
326	-0.3465117779	0.9135413125	0.7958395695	0.9925216562	0.9990667248	0.9783249244	0.9878048585	0.9971170673
327	-0.3462585909	0.9135350537	0.7958664634	0.992561831	0.9990755261	0.9783624575	0.9878383273	0.9971155577
328	-0.3459223858	0.9136488783	0.7961507935	0.9925623421	0.9990757006	0.9784504539	0.9878522637	0.9971230449
329	-0.3457097526	0.9135831278	0.7956428442	0.9925663879	0.9990760713	0.9784627041	0.9878558917	0.997120257
330	-0.3453950197	0.9136390331	0.7957055985	0.9925675582	0.9990761455	0.9785198759	0.9878607186	0.9971244169
331	-0.3449612444	0.9137021761	0.7959869509	0.9925763438	0.9990803013	0.9785622901	0.9878841536	0.9971340795
332	-0.3447114705	0.9136636299	0.7955523315	0.9925869741	0.9990805222	0.9785783688	0.9878889536	0.9971293457
333	-0.344489038	0.9136639087	0.7946792094	0.9925873347	0.9990806682	0.9785570152	0.9878894491	0.9971321515
334	-0.3443741729	0.9137246116	0.7942721101	0.9925821772	0.999080611	0.978547043	0.9878786585	0.9971244483
335	-0.3441808114	0.9137319749	0.7942775286	0.992612626	0.9990938153	0.9785578207	0.9879142101	0.9971220245
336	-0.3438165337	0.9137977346	0.7942173668	0.9926171985	0.9990939296	0.9786802359	0.98791635	0.9971333127
337	-0.3435163286	0.9138926308	0.7943446695	0.9926310635	0.9990951707	0.9786975598	0.9879401971	0.9971380541
338	-0.3432928186	0.9139151695	0.7944397538	0.9926330063	0.9990955259	0.9787363933	0.9879332422	0.9971392584
339	-0.3428126161	0.914043428	0.7945658086	0.9926431838	0.9990935774	0.9789109589	0.98794422	0.9971498117
340	-0.3424401642	0.9140812624	0.7945109474	0.9926463445	0.9990930468	0.9789971698	0.9879633385	0.9971566374
341	-0.3422201174	0.9142442548	0.7946409655	0.9926472711	0.9990922652	0.9789779719	0.9879579784	0.9971613693
342	-0.341825024	0.9143022415	0.7949151915	0.9926880872	0.999090831	0.9790481199	0.9880356112	0.997169549
343	-0.3412433494	0.9142301797	0.7952176732	0.9927074037	0.9990907615	0.9792842442	0.9881461109	0.9971823933
344	-0.3408786472	0.9141412374	0.7952125011	0.9927065779	0.9991026081	0.9792949974	0.9881256996	0.9971852219
345	-0.3406197976	0.9141057117	0.7956050421	0.992713511	0.999103565	0.9792576061	0.988158951	0.9971840045
346	-0.3403977411	0.9139784581	0.7959418624	0.9927067673	0.9990992408	0.9791865871	0.9881565926	0.9971818292
347	-0.3401569869	0.9140095517	0.7959666888	0.9927074548	0.9990986762	0.979231783	0.9881634439	0.9971866664
348	-0.3398424258	0.9140715015	0.7961684133	0.9927376087	0.9991051984	0.9792800917	0.9882244736	0.9971795325
349	-0.3395350935	0.9141673666	0.7963633602	0.9927422548	0.9991048037	0.9793067983	0.988226677	0.9971966191
350	-0.3393843456	0.9141601478	0.7964520737	0.9927722067	0.9991114997	0.9793732823	0.9882074025	0.9972013836
351	-0.3390507991	0.9142800405	0.7965130926	0.9927771544	0.9991130026	0.9794634947	0.9882616307	0.9972048709
352	-0.3388195712	0.9144428425	0.7966980978	0.9927627817	0.9991136189	0.9795806805	0.9882101293	0.9972091645
353	-0.3385468508	0.9143852884	0.7965622704	0.9927609587	0.9991139039	0.9795520286	0.9882076479	0.9972224837
354	-0.3381751823	0.9144370713	0.7967678494	0.9927672294	0.9991162425	0.9796248649	0.9882346272	0.9972380365
355	-0.337598451	0.9145028972	0.7969475891	0.9927878052	0.9991156517	0.9799003397	0.9883377905	0.9972486431
356	-0.3373667252	0.9145618979	0.7969377629	0.9927906682	0.9991164147	0.9799258099	0.9883396355	0.9972490186
357	-0.3368990861	0.9145736353	0.7968667034	0.9927897571	0.9991143241	0.9800351621	0.988336161	0.9972756475
358	-0.3365470531	0.9146332577	0.7969886501	0.9927990104	0.9991154316	0.9800207798	0.9883582522	0.9972925969
359	-0.3363153186	0.9147302912	0.7969801166	0.9928011097	0.9991151018	0.9800997397	0.9883505963	0.9973007211
360	-0.3362223533	0.9147105859	0.7969775443	0.9928035169	0.9991166333	0.9801270655	0.9883549684	0.9973064575
361	-0.3358517042	0.9148011577	0.7971757331	0.9928136173	0.9991161359	0.9801559919	0.9883596803	0.9973170403
362	-0.3353715675	0.9147657188	0.797192446	0.9928382782	0.9991235571	0.9804729067	0.9884040055	0.9973268316
363	-0.3351351406	0.9147759876	0.7972048115	0.9928516058	0.9991309775	0.9804796298	0.988444743	0.9973278252
364	-0.3349144076	0.9148410579	0.7973002935	0.9928595366	0.9991466207	0.9805888934	0.9884673246	0.9973348011
365	-0.3345730006	0.9147736254	0.7972639657	0.9928690185	0.9991463504	0.9806851453	0.9885098782	0.997336495
366	-0.3342893772	0.9149284364	0.7969402839	0.9928636643	0.9991453487	0.9806849804	0.9885037156	0.9973389426
367	-0.3340762341	0.9149008524	0.7967723404	0.9928729871	0.9991459789	0.9807251265	0.9885080203	0.9973402965
368	-0.3338483095	0.9149879973	0.7967296931	0.9928734872	0.9991448166	0.9807247854	0.988508526	0.9973503596
369	-0.33342815	0.9149212045	0.7965737913	0.9928803396	0.9991441756	0.9807781283	0.9885413966	0.9973530419
370	-0.3332767062	0.9149142682	0.7964997714	0.9928761902	0.9991484009	0.9807963201	0.9885309844	0.997360242
371	-0.3329775383	0.9150987143	0.7963958422	0.9928832641	0.9991445663	0.9808387429	0.9885328888	0.9973610478
372	-0.3327925281	0.9151057353	0.7963181202	0.9928661486	0.9991433901	0.9808482141	0.9884923248	0.9973619086
373	-0.3323815479	0.9151197342	0.7963736364	0.9929175272	0.9991456939	0.9808520433	0.9886216534	0.9973645764
374	-0.3321303762	0.9150934128	0.7961462932	0.9929134646	0.999145965	0.9809262469	0.9885845801	0.9973651336
375	-0.3319174168	0.9151280953	0.7962247446	0.9929086644	0.9991449865	0.9808479459	0.9885513369	0.9973827141
376	-0.3316898113	0.9152122783	0.7960903278	0.9929083791	0.9991450707	0.9808521925	0.9885590928	0.9973814733
377	-0.3314603247	0.9152258807	0.7961958424	0.9929162423	0.9991459357	0.9808499069	0.9885708162	0.9973886883
378	-0.3311547364	0.9153409889	0.7966202498	0.9929155474	0.9991548783	0.9808912138	0.9885822634	0.9973944977
379	-0.3307943386	0.9153330341	0.7965957933	0.9929605931	0.9991583769	0.9809063423	0.9886446289	0.9973925617
380	-0.3304960763	0.9152710783	0.7966774472	0.9929585334	0.9991593492	0.9809472637	0.9886658866	0.997407959
381	-0.3302133662	0.9153895902	0.7967576387	0.9929591151	0.9991569149	0.9809553471	0.9886752481	0.9974185597
382	-0.3298673843	0.9154430406	0.79708186	0.9929515542	0.9991557487	0.9809714076	0.9886833095	0.9974324987
383	-0.3296020504	0.9154784523	0.7971428604	0.9930102619	0.999165893	0.9810193994	0.9887400778	0.997425353
384	-0.3292943311	0.915477299	0.7972684317	0.993038218	0.9991652265	0.9811040675	0.9887737235	0.997430473
385	-0.3290469005	0.9153983842	0.7969865575	0.99303514	0.9991649987	0.9811245002	0.9887671236	0.9974320277
386	-0.3288011857	0.9153312993	0.797105384	0.9930378557	0.9991652458	0.9810942582	0.9887767551	0.997431718
387	-0.3285565691	0.9152863806	0.7969461058	0.9930411178	0.9991639452	0.9810861745	0.9887805992	0.9974348642
388	-0.3280150901	0.9153619146	0.7973827074	0.9930574031	0.999162291	0.9812130425	0.9888183699	0.9974532794
389	-0.3277591078	0.9154361638	0.7974858316	0.9930587049	0.9991614252	0.9812293124	0.9888179807	0.9974711844
390	-0.327590979	0.9154406164	0.7974977993	0.9930742155	0.9991699461	0.981241574	0.9888435472	0.997470282
391	-0.3274245513	0.9153704674	0.7975129902	0.9930811971	0.9991694766	0.9812346836	0.9888498674	0.9974767485
392	-0.327212169	0.9153005987	0.7973397584	0.9930923606	0.9991707856	0.9812782825	0.988883227	0.9975059758
393	-0.3269187872	0.9151336177	0.7975998278	0.9930806601	0.9991717757	0.9813387236	0.9888731552	0.9975097152
394	-0.3266817929	0.9151769979	0.7977313536	0.9930937847	0.9991759733	0.9813753604	0.9888931333	0.9975087674
395	-0.3265500886	0.9151648968	0.7972717671	0.9930871018	0.9991754435	0.9813902334	0.9888794069	0.9975140654
396	-0.3262300692	0.9152635501	0.7976094507	0.9930898598	0.9991749067	0.9813648288	0.9888778464	0.9975331152
397	-0.3259712136	0.9152866282	0.7977888978	0.9931040756	0.9991791228	0.9814115928	0.9889283623	0.9975400572
398	-0.3257809019	0.9152112949	0.7977144157	0.9931010831	0.9991792293	0.9813957637	0.9889182963	0.997543018
399	-0.3256190747	0.9151636127	0.7975517472	0.9931067928	0.9991782779	0.9814400051	0.9889283229	0.9975445787
400	-0.3254217445	0.9152021499	0.7973006996	0.9931061235	0.9991772584	0.981442134	0.9889193339	0.997551396
401	-0.3252353724	0.9152715906	0.7973017695	0.9931050104	0.999177402	0.9814311859	0.9889215157	0.9975552188
402	-0.3250033113	0.9154240722	0.797541691	0.9931160966	0.9991786161	0.9814640905	0.9889547846	0.997555108
403	-0.3246323162	0.9154232891	0.7974978201	0.9931157722	0.9991797252	0.9815955257	0.9889640445	0.9975613456
404	-0.3244671072	0.9154289628	0.7974776205	0.993119853	0.9991837551	0.9816182709	0.9889851609	0.997563073
405	-0.3241923003	0.9154620876	0.797581683	0.9931274827	0.9991884624	0.9817195639	0.9890005831	0.9975539002
406	-0.3239524701	0.9155229778	0.7978595569	0.9931434624	0.9991897243	0.9817554122	0.9890183225	0.9975610847
407	-0.3238178043	0.9154914679	0.7974393535	0.9931400786	0.9991890555	0.9817082784	0.989013117	0.9975601334
408	-0.3235237295	0.915597913	0.7976104223	0.993156314	0.9991899228	0.9817468251	0.9890476034	0.9975707181
409	-0.323348979	0.9155797629	0.7978151763	0.9931546087	0.9991897158	0.981715046	0.9890553661	0.9975751147
410	-0.3231659654	0.9156226554	0.7979931639	0.9931557622	0.9991894308	0.9816634116	0.9890581654	0.9975711452
411	-0.3228405721	0.9158704227	0.7982677458	0.9931580077	0.9991890709	0.9817318569	0.989064213	0.9975779469
412	-0.3226235686	0.9158006989	0.7981977954	0.9931664445	0.9991897375	0.9817366046	0.9890951215	0.9975867732
413	-0.3223711304	0.9156975594	0.7981697667	0.993174869	0.9991919077	0.9817209738	0.9891258891	0.9975945028
414	-0.3221693684	0.9156702998	0.7982351134	0.9931765966	0.999191174	0.9817370913	0.9891702734	0.9975958106
415	-0.3218302131	0.9157338139	0.7983539174	0.9931717072	0.9991913941	0.9817398883	0.9891646964	0.9976112142
416	-0.3215971646	0.9158485924	0.7984380874	0.9931699221	0.9991905237	0.9818408623	0.9891538446	0.9976216841
417	-0.3214048632	0.9158453109	0.7984925158	0.9931746384	0.9991917238	0.9818431464	0.9891564648	0.9976213807
418	-0.321177153	0.915955675	0.7985842314	0.9931542456	0.9991913917	0.9818639845	0.9891416238	0.9976267407
419	-0.3208034165	0.9160429979	0.7986286511	0.9931504367	0.9991916281	0.9819128022	0.9891298502	0.9976340395
420	-0.3204755131	0.9159840957	0.7987598586	0.9931480147	0.9991925355	0.981948263	0.9891310565	0.9976420123
421	-0.3201334595	0.9160725342	0.7989993186	0.9931486671	0.9991961538	0.9821099188	0.9891125033	0.9976354769
422	-0.3199318148	0.9161468736	0.7988294684	0.9931500586	0.9991956526	0.982104366	0.9891177237	0.9976331269
423	-0.319703578	0.9161329441	0.7988660693	0.9931438056	0.9992060425	0.9821552535	0.9891103947	0.997633714
424	-0.319439138	0.916045848	0.7986255159	0.9931273157	0.999205607	0.9822588827	0.9890758909	0.9976330956
425	-0.3191243579	0.9161856172	0.7985841586	0.9931393388	0.9992080892	0.9823883283	0.9890816165	0.9976470893
426	-0.3189733432	0.9162634609	0.7986515956	0.9931329729	0.9992086869	0.9824134333	0.9890709496	0.9976488972
427	-0.3188478132	0.9161667795	0.7983375781	0.9931348908	0.9992089526	0.98242738	0.9890742701	0.9976479397
428	-0.3187190879	0.9162902004	0.7979775955	0.9931364075	0.9992092214	0.9824181874	0.9890761528	0.9976498129
429	-0.3185427253	0.9162636701	0.7980339133	0.9931828387	0.9992173871	0.9824274197	0.9891096581	0.997647424
430	-0.3183526968	0.9161225425	0.7979818416	0.993184029	0.999216977	0.9824395994	0.9891154871	0.9976564522
431	-0.3180950316	0.9161226402	0.7981160174	0.9931811538	0.9992171963	0.982393253	0.9891175408	0.9976640597
432	-0.3179243446	0.9161631301	0.798279642	0.9931808173	0.9992197921	0.982442965	0.9891127367	0.9976639561
433	-0.3175961017	0.9160511384	0.7984021344	0.9932060361	0.999228608	0.9826462043	0.9891472955	0.9976746925
434	-0.3173387544	0.916084128	0.7981521513	0.9931955968	0.9992279431	0.9827375642	0.9891133209	0.9976779807
435	-0.3170479692	0.9161600373	0.7982623777	0.9931961425	0.9992275685	0.9827446018	0.989113327	0.997684389
436	-0.3168701279	0.916245443	0.7981302371	0.9932006731	0.9992318185	0.9827905578	0.9890990021	0.9976870267
437	-0.3165014706	0.9163179139	0.7981813843	0.9932024997	0.9992307558	0.9828853774	0.9890712865	0.9977067355
438	-0.3162981153	0.9163162761	0.7982706615	0.993204209	0.999231091	0.9828388672	0.9890767249	0.997710292
439	-0.3160822108	0.9163372087	0.7983323455	0.9932310913	0.999232441	0.9828631579	0.9891392308	0.9977120728
440	-0.3159153562	0.9163412023	0.7982670667	0.9932471866	0.9992354067	0.982898016	0.9891973701	0.9977133593
441	-0.3158200161	0.9163583196	0.7981603053	0.9932427837	0.9992340374	0.982890838	0.9891998171	0.9977151506
442	-0.3156435576	0.9162968832	0.7979335254	0.9932447988	0.9992345286	0.9828934358	0.9892009984	0.9977148001
443	-0.3154414919	0.9163234882	0.7977960155	0.9932423799	0.9992347943	0.9829121507	0.9892033983	0.9977285365
444	-0.3152523594	0.9163868312	0.7977221146	0.993239279	0.9992340945	0.9829193825	0.9892007446	0.9977389099
445	-0.3150201514	0.9164330858	0.7978144735	0.9932388914	0.9992355357	0.9829635278	0.9892024317	0.9977426538
446	-0.3146256501	0.9164860554	0.7981483418	0.9932402968	0.9992360107	0.9830505442	0.9892126908	0.9977511305
447	-0.3144437197	0.9164579984	0.7980978338	0.99325605	0.9992424502	0.9830683398	0.9892486776	0.9977503629
448	-0.3142751457	0.9164132415	0.7978504997	0.9932573434	0.9992423521	0.9831021364	0.9892585482	0.9977500934
449	-0.3140619611	0.9163877241	0.7980939699	0.9932681608	0.9992429368	0.9831049524	0.9892802017	0.9977547828
450	-0.3138886694	0.9164074982	0.7981910653	0.9932660945	0.9992426549	0.9830899034	0.9892733831	0.9977549983
451	-0.3137938339	0.9163866174	0.7979900511	0.9932673906	0.9992417767	0.9831051625	0.9892780399	0.9977629866
452	-0.3135912024	0.9163831434	0.7977349575	0.9932609405	0.999241189	0.98311857	0.9892713641	0.9977611445
453	-0.3133347937	0.9164379371	0.7977912248	0.9932940967	0.9992470532	0.9831841861	0.9893168381	0.9977644479
454	-0.3130299029	0.9164337859	0.7979014319	0.9933598455	0.9992485816	0.9832633639	0.9894199731	0.9977636784
455	-0.3127259627	0.9164285174	0.7981333656	0.9933634233	0.9992484217	0.9833566778	0.9894311893	0.9977663051
456	-0.3125259989	0.9165025119	0.7981736874	0.9933608963	0.9992478464	0.9833771943	0.9894197572	0.9977671215
457	-0.3123399152	0.91649476	0.7981950312	0.9933735924	0.9992498142	0.983415029	0.9894189343	0.9977669356
458	-0.3122423895	0.9165383419	0.798041568	0.9933731484	0.999249418	0.9834185847	0.9894199794	0.9977658066
459	-0.3119068931	0.9165359388	0.7981430248	0.9933949916	0.9992504004	0.983472987	0.9894943985	0.9977631114
460	-0.3117195771	0.9166013399	0.7979466357	0.9933958965	0.9992506306	0.9835422751	0.9894959044	0.9977697533
461	-0.3115823449	0.9166379248	0.797891666	0.9933968243	0.999250015	0.9835183446	0.9894906997	0.9977709587
462	-0.3114475212	0.9165984754	0.7977138366	0.9933933335	0.9992501695	0.9835270062	0.989479895	0.9977693849
463	-0.3113228698	0.9166321501	0.7977788774	0.9933921736	0.9992551216	0.9835448799	0.9894677456	0.9977712938
464	-0.311255384	0.9166324883	0.7978066753	0.993390857	0.9992551594	0.9835477441	0.98948481	0.997775539
465	-0.3111328566	0.9166558844	0.7979156343	0.9934127026	0.9992564646	0.9835520633	0.9895079738	0.997778162
466	-0.3109519581	0.9166393456	0.7976500971	0.9934171822	0.9992549316	0.9835689882	0.9895118598	0.9977809659
467	-0.3106480046	0.9167310714	0.7978446258	0.9934192302	0.9992523188	0.9835821788	0.9895099076	0.9977894219
468	-0.3105458088	0.916791023	0.7979699777	0.9934180983	0.9992522316	0.9835960256	0.9895084957	0.9977874489
469	-0.3101468045	0.9168102089	0.798093766	0.9934005518	0.9992511295	0.9836800802	0.9894850002	0.9977987217
470	-0.3099819538	0.9168119287	0.7981956431	0.9933939917	0.999259801	0.9837263166	0.9894813721	0.9977988575
471	-0.309642672	0.9168945653	0.7982861812	0.9934127098	0.9992578455	0.9838821873	0.9895390816	0.9978057452
472	-0.3094713111	0.9168508912	0.7980456595	0.9934092941	0.9992570578	0.9839289525	0.9895264731	0.9978050192
473	-0.3093696632	0.9168720244	0.7978871283	0.9934107239	0.9992563187	0.983914317	0.989527396	0.9978058756
474	-0.3091081046	0.91691017	0.7980721104	0.9934044473	0.9992573211	0.9839263204	0.9895182783	0.9978106081
475	-0.3089414548	0.9168283257	0.7981490842	0.993412382	0.9992573744	0.9839335935	0.9895227506	0.9978143062
476	-0.3087727902	0.9169136935	0.7981406303	0.9934170863	0.999257318	0.983954554	0.9895235314	0.997820693
477	-0.3085193524	0.9169333583	0.7984346594	0.9934055982	0.9992563588	0.9840027512	0.9895002673	0.9978232834
478	-0.3082834852	0.91693274	0.7983846624	0.9934158836	0.9992569998	0.9840511629	0.9895212714	0.9978254971
479	-0.3080193455	0.9169223811	0.7983826016	0.9934194662	0.9992567396	0.9840621177	0.9895193775	0.9978297721
480	-0.3078781937	0.9169906553	0.7983432032	0.9934198984	0.9992556684	0.9841174534	0.9895249328	0.9978307971
481	-0.3076789451	0.9170328833	0.7984972434	0.9933990626	0.999253336	0.9841694935	0.9895048202	0.9978294918
482	-0.307436154	0.9170795881	0.7984917864	0.9934031657	0.9992516933	0.9841876394	0.9895119615	0.9978331835
483	-0.3072087697	0.9171108007	0.798485686	0.993400044	0.9992531321	0.9842431157	0.9895003842	0.9978312592
484	-0.3069603686	0.917130704	0.7985869821	0.9934002637	0.9992536542	0.9842476979	0.9894988925	0.9978386059
485	-0.3067654904	0.9169962911	0.7986223033	0.9934051304	0.9992534279	0.9842736841	0.9895115946	0.9978567625
486	-0.3066033669	0.9170150527	0.7984738985	0.9934077154	0.9992524161	0.9842799237	0.9895145987	0.9978581116
487	-0.3063972364	0.9171421737	0.7985446789	0.9934285733	0.9992560931	0.9843228615	0.9895558412	0.9978597252
488	-0.3062542547	0.9172052352	0.7985198283	0.9934319906	0.9992560707	0.9843348987	0.9895613685	0.9978631066
489	-0.3060148658	0.9171952653	0.798464778	0.993484629	0.9992626091	0.98434161	0.9896557241	0.9978570886
490	-0.3058846812	0.9172253747	0.7984384716	0.9934859272	0.9992622369	0.9843362745	0.9896581517	0.9978567779
491	-0.3056358353	0.9172176767	0.7985448393	0.9934895209	0.9992631899	0.9843445441	0.9896677908	0.9978581793
492	-0.305409897	0.9172208838	0.7986101123	0.9934981924	0.9992735034	0.9844052553	0.9896900359	0.9978589259
493	-0.3053085404	0.9172192706	0.7986020154	0.9935156657	0.9992874445	0.9844127028	0.9897007244	0.9978607077
494	-0.3050359488	0.9172871845	0.7984973792	0.9935144041	0.9992874537	0.9844184217	0.989699799	0.9978654821
495	-0.3049515824	0.9173491282	0.7984876081	0.9935125605	0.9992878986	0.9844354079	0.9897019443	0.9978677531
496	-0.3047745677	0.9173981531	0.7985271793	0.9935257602	0.9992911207	0.9844392765	0.9897523908	0.9978679039
497	-0.3046661508	0.9174131476	0.7986004818	0.9935271644	0.9992912651	0.9844519158	0.9897511241	0.9978686967
498	-0.3045075929	0.9174481361	0.7985209456	0.9935271166	0.9992912265	0.9844681653	0.9897442545	0.9978677065
499	-0.304241757	0.9174593637	0.79861251	0.9935310423	0.9992936832	0.9845194967	0.9897467779	0.9978771038
